{"PAP-001": 3128.2000000000003, "TOM-001": 298, "TOM-002": 268, "TOM-003": 15.200000000000003, "CHP-001": 510, "CHP-002": 109, "SAL-001": 207, "SAL-002": 153, "SLT-001": 211, "SLT-002": 202, "SAL-003": 202, "OLI-001": 497.2, "AGU-001": 483.04, "PRE-001": 458.4, "EMP-001": 490, "EMP-002": 287, "EMP-003": 342, "EMP-004": 342, "EMP-005": 297, "EMP-006": 297, "EMP-007": 123, "EMP-008": 248, "MAL-001": 14}